Disc,tag,model,Type,AntiFoul,DeployArea,deploy.t,rel.t,deploy.days,DeplLat,DeplLong,CL,Shell,t0,t0.type,t1,lat1,lon1,s.maj1,s.min1,angle1,driftT0,driftT,driftD,driftR,inv.driftB,driftD0,lat0,lon0,s.maj0_63,s.min0_63,angle0,s.maj0_95,s.min0_95,est.dist.km,est.bearing.deg,est.rate.kmd-1
17Z0455,178732,mrPAT,2,N,4,7/10/2020 23:04,10/14/2020 0:00,96.04027778,57.63755100,-161.51623200,137,2,10/15/2020 0:02,FUA,10/16/2020 18:39,57.1424,-161.1801,1911,56,93,42.61694444,43.95472222,10088.41223,229.5182798,-125.8355175,9781.367778,57.09090841,-161.3109026,2744.21776,462.301654,86.57051151,4749.742545,800.160201,62.01838955,168.4620357,0.645753958
17Z0451,179239,mrPAT,2,N,4,7/10/2020 15:19,10/14/2020 0:00,96.48611111,57.65587500,-161.33734900,146,2,10/15/2020 2:59,FUA,10/15/2020 16:33,57.0086,-161.3017,979,139,70,13.56777778,14.52333333,4130.901045,284.4320206,-69.99711051,3859.110448,57.02043989,-161.3614033,1818.240031,539.9057614,82.6730592,3147.043269,934.4788167,70.67190268,181.1804933,0.732456743
17Z0456,202073,mrPAT,2,Y,4,7/10/2020 23:39,10/12/2020 23:59,94.46944444,57.66063400,-161.51679500,149,2,10/13/2020 10:55,FUA,10/14/2020 2:51,56.8039,-162.3842,1865,153,93,15.93666667,15.17222222,8285.435399,546.09241,-19.88441323,8702.892708,56.87738421,-162.4327479,2630.931147,625.81091,97.19449691,4553.663993,1083.165027,103.0411094,212.691331,1.090734788
17Z0450,202074,mrPAT,2,N,4,7/10/2020 14:51,10/13/2020 0:00,94.77569444,57.65859600,-161.34486400,140,2,10/13/2020 9:28,FUA,10/13/2020 19:53,56.6475,-161.7557,1309,189,106,10.42722222,10.80416667,4046.890397,374.5675647,-9.076710318,3905.699234,56.68213506,-161.7657531,1789.500598,507.5463432,97.67862746,3097.30053,878.4705408,111.5020963,193.3300569,1.176484087
17Z0453,202075,mrPAT,2,Y,4,7/10/2020 15:45,10/12/2020 23:59,94.70833333,57.65785100,-161.35026600,154,2,10/13/2020 8:45,FUA,10/13/2020 9:30,57.0432,-161.6665,404,207,38,0.758055556,0.827222222,319.0943363,385.7419781,-48.53987056,292.4138495,57.0449385,-161.6701103,1240.508897,480.1037973,85.80372119,2147.095602,830.972478,70.80185833,195.8580976,0.747577915
17Z0454,202077,mrPAT,2,Y,4,7/10/2020 22:28,10/12/2020 23:59,94.48472222,57.61642900,-161.51401000,144,2,10/13/2020 10:06,FUA,10/13/2020 18:36,57.1283,-161.3317,801,116,100,8.506111111,9.065277778,3525.625241,388.9153016,-25.4749137,3308.156768,57.1551158,-161.3552114,994.9858942,366.5710351,96.06528085,1722.139876,634.4678862,52.17105031,169.4222909,0.552163875
241,202080,mrPAT,1,N,2,7/7/2020 15:28,10/13/2020 23:59,98.87013889,57.29862700,-163.82925500,161,2,10/14/2020 12:21,FUA,10/14/2020 21:57,56.7515,-164.0023,709,68,107,9.616388889,9.174166667,5565.688603,606.6696633,28.86195087,5833.97141,56.79737419,-163.9562122,2156.905371,681.240293,92.73247563,3733.211466,1179.103222,56.2631979,187.8974417,0.569061585
214,202081,mrPAT,1,N,1,7/5/2020 17:05,10/13/2020 23:59,101.9708333,55.84882900,-162.83457900,165,2,10/15/2020 16:23,FUA,10/15/2020 16:33,55.9018,-163.5008,833,225,77,0.168888889,0.943055556,695.2990217,737.2832041,16.16422489,124.5189411,55.90287415,-163.5002458,839.9646601,245.110904,77.74156439,1453.826274,424.2424583,41.95608325,278.5104434,0.411451803
267,202082,mrPAT,1,N,3,7/9/2020 12:10,10/14/2020 0:00,97.08333333,56.82308800,-161.71930300,146,2,10/14/2020 14:10,FUA,10/14/2020 20:04,56.4242,-162.3999,849,72,105,5.9075,5.518888889,6002.535698,1087.634815,29.81210229,6425.202672,56.47425561,-162.3480663,2288.900235,441.7530295,80.27788776,3961.670603,764.594264,54.60703365,225.0025481,0.562475883
202,202092,mrPAT,1,Y,1,7/5/2020 12:25,10/12/2020 23:59,99.95486111,55.93356000,-162.83403500,149,2,10/13/2020 11:20,FUA,10/13/2020 16:33,56.286,-164.0029,1900,172,73,5.232222222,5.415833333,3275.077587,604.7227426,2.143707382,3164.043772,56.3143961,-164.0009875,2222.560632,540.6645749,74.72563754,3846.848799,935.792185,83.81088365,300.8320882,0.83848732
276,202093,mrPAT,1,Y,3,7/9/2020 15:58,10/12/2020 23:59,95.81458333,56.78875000,-161.69636100,158,2,10/13/2020 11:31,FUA,10/13/2020 18:34,56.7483,-161.674,1648,122,97,7.066111111,6.99,2618.831749,374.6540414,-53.21824719,2647.347085,56.76253021,-161.7086691,2405.032352,555.4555044,98.83526682,4162.674206,961.3925977,3.010399973,194.4292256,0.031419016
240,202095,mrPAT,1,Y,2,7/7/2020 15:20,10/12/2020 23:59,97.975,57.29264600,-163.82773500,136,2,10/13/2020 14:44,FUA,10/13/2020 16:54,56.8778,-164.8398,604,154,94,2.169722222,1.425555556,1739.240826,1220.044227,33.12709399,2647.157071,56.8977347,-164.8159777,1405.002895,235.006947,81.94896472,2438.823784,407.9283637,74.10596853,234.0774811,0.756376305
213,202096,mrPAT,1,Y,1,7/5/2020 16:16,10/13/2020 0:00,99.87430556,55.86877200,-162.83468400,143,2,10/13/2020 13:15,FUA,10/13/2020 14:52,55.9043,-163.3107,1037,437,72,1.628333333,2.251388889,836.7532239,371.6609014,-13.81735334,605.1878345,55.90957817,-163.3130111,1315.81426,602.2647203,82.00242927,2277.435509,1042.410849,30.17042462,278.8476871,0.302083949
251,202097,mrPAT,1,Y,2,7/7/2020 22:14,10/13/2020 0:00,97.53472222,57.27425300,-163.74482100,169,2,10/13/2020 11:04,FUA,10/13/2020 15:31,56.8479,-163.7432,869,126,97,4.458333333,4.638611111,579.5019172,124.9300498,82.28375887,556.9798055,56.84857124,-163.7341546,1331.580817,381.0345392,91.68168996,2304.724557,659.5015848,47.33804473,179.2149418,0.485345564
218,202098,mrPAT,1,Y,1,7/5/2020 20:06,10/12/2020 23:59,99.58194444,55.84704800,-162.91696800,160,2,10/13/2020 10:04,FUA,10/13/2020 13:15,55.856,-163.5165,1846,333,113,3.183888889,3.025555556,822.0126226,271.6898128,-58.1690109,865.0301763,55.8600971,-163.5282368,2385.583879,935.3530137,104.7285469,4129.012431,1618.92619,38.17967995,272.4309307,0.383399623
224,202099,mrPAT,1,Y,1,7/5/2020 22:02,10/13/2020 0:00,99.49791667,55.88207400,-162.92008300,182,2,10/13/2020 9:59,FUA,10/13/2020 14:51,56.1977,-163.1483,615,144,67,4.881388889,5.275555556,1718.737512,325.7927044,-53.93443755,1590.320887,56.20610668,-163.1690141,772.2367225,226.0888056,68.13942471,1336.601515,391.3186608,39.20773969,336.8791202,0.394055886
229,202100,mrPAT,1,Y,2,7/7/2020 9:42,10/12/2020 23:59,98.03055556,57.18845900,-163.82103000,153,2,10/13/2020 10:26,FUA,10/14/2020 4:28,56.9066,-162.9298,1427,27,83,18.04666667,18.45833333,7460.290705,404.1692481,17.27509858,7293.907698,56.96913944,-162.8941882,1486.077822,281.0625237,82.7021494,2572.130812,486.4681826,61.08976947,113.1386232,0.623170695
245,202102,mrPAT,1,Y,2,7/7/2020 17:33,10/12/2020 23:59,100.7402778,57.32071200,-163.80884700,172,2,10/16/2020 11:19,FUA,10/18/2020 2:04,57.4642,-163.7654,546,123,113,38.76111111,41.25555556,26018.25765,630.6607025,-172.7398311,24445.10956,57.24611192,-163.8167505,2143.313996,400.4969663,96.32115692,3720.394577,695.1882666,8.308738691,183.2805903,0.082476829
207,202103,mrPAT,1,Y,1,7/5/2020 14:12,10/12/2020 23:59,100.0395833,55.89838200,-162.83492400,137,2,10/13/2020 15:09,FUA,10/13/2020 20:37,56.5709,-162.2078,929,73,105,5.479444444,4.761111111,4359.691378,915.6878041,26.03323379,5017.460451,56.61138235,-162.1719372,1136.787914,300.6171627,102.7035359,1967.573418,520.3137112,89.23290857,27.04264235,0.891976012
271,202104,mrPAT,1,Y,3,7/9/2020 13:40,10/12/2020 23:59,96.52708333,56.81480100,-161.72153000,139,2,10/14/2020 2:19,FUA,10/15/2020 7:46,56.7175,-161.4522,2880,68,88,29.46027778,27.36,13173.05693,481.4713792,-54.03328396,14184.28057,56.79227725,-161.6407124,3270.278544,355.1300837,84.73845968,5676.595489,616.4397937,5.520976123,116.9435396,0.057196135
255,202105,mrPAT,1,Y,3,7/9/2020 4:26,10/12/2020 23:59,96.31666667,56.88646100,-161.82439800,150,2,10/13/2020 12:02,FUA,10/13/2020 14:55,56.78,-162.0827,904,47,90,2.883611111,3.182222222,986.8321006,310.1078528,-80.92499501,894.2304501,56.78126577,-162.0971456,1849.759511,576.5287002,95.2405332,3201.597765,997.8664724,20.30033137,234.9301176,0.210766548
221,202106,mrPAT,1,N,1,7/5/2020 21:08,10/13/2020 0:00,100.3763889,55.86206100,-162.92151000,154,2,10/14/2020 6:10,FUA,10/14/2020 6:26,56.0421,-163.5943,405,100,59,0.281388889,0.176944444,122.6088657,692.9229457,-177.0901137,194.9808178,56.04035108,-163.5944588,1040.482086,341.6964677,79.22158928,1800.885521,591.4145275,46.349872,295.6015776,0.461760704
201,202107,mrPAT,1,N,1,7/5/2020 11:46,10/13/2020 0:00,99.96805556,55.95193700,-162.83698500,>135,2,10/13/2020 11:00,FUA,10/13/2020 13:14,55.9891,-163.3639,529,143,105,2.243055556,3.738055556,670.6804836,179.4196137,-96.65368977,402.4481612,55.98868102,-163.3703049,723.2485678,424.9018051,100.1386703,1251.811916,735.427855,33.43746521,277.2394802,0.3344815
211,202108,mrPAT,1,N,1,7/5/2020 15:54,10/12/2020 23:59,99.97777778,55.87253700,-162.83153800,162,2,10/13/2020 15:22,FUA,10/13/2020 17:04,55.9381,-163.8249,180,148,44,1.703611111,2.229166667,2318.40725,1040.033159,35.33557691,1771.812045,55.95108073,-163.8084965,460.0002272,187.7673001,73.1700202,796.1768492,324.9910946,61.50793081,278.5674418,0.615216023
244,202109,mrPAT,1,N,2,7/7/2020 17:25,10/13/2020 0:00,97.81527778,57.32002900,-163.81023000,166,2,10/13/2020 12:59,FUA,10/13/2020 20:38,56.8244,-164.3347,442,212,103,7.661388889,5.916111111,6633.743659,1121.301398,36.20935774,8590.726071,56.88661829,-164.2514467,1804.983253,655.6778574,47.7735323,3124.098195,1134.859289,55.06876198,209.1239578,0.562987329
275,202110,mrPAT,1,N,3,7/9/2020 15:04,10/12/2020 23:59,96.19513889,56.79966400,-161.70624100,144,2,10/13/2020 19:45,FUA,10/14/2020 6:01,56.562,-161.5977,856,43,84,10.27694444,10.60555556,9518.703694,897.5205159,-45.82390596,9223.76848,56.61967752,-161.7054573,1286.049776,215.7234077,92.98347838,2225.918593,373.3780395,20.01364034,179.8627341,0.208052513
238,202111,mrPAT,1,N,2,7/7/2020 14:37,10/13/2020 0:00,98.06527778,57.27796700,-163.82537300,177,2,10/13/2020 16:11,FUA,10/14/2020 2:26,56.7076,-164.2847,807,85,40,10.25472222,9.887222222,3472.359121,351.1966297,40.59589322,3601.423883,56.73215188,-164.2464123,978.7320234,256.7436297,47.15040248,1694.007378,444.3765939,65.82904567,202.9627943,0.671277818
258,202112,mrPAT,1,N,3,7/9/2020 6:57,10/12/2020 23:59,96.32222222,56.86850000,-161.78794000,173,2,10/13/2020 14:41,FUA,10/13/2020 15:30,56.7522,-162.019,341,85,79,0.824722222,0.611111111,222.78092,364.5505964,25.96188328,300.652978,56.75462746,-162.0168484,1252.791602,135.2265345,83.02400204,2168.354734,234.0525718,18.82703811,227.8320065,0.195458926
217,202113,mrPAT,1,N,1,7/5/2020 19:42,10/12/2020 23:59,100.9041667,55.82978000,-162.91886800,143,2,10/14/2020 17:24,FUA,10/14/2020 18:24,56.0883,-163.33,1888,108,105,1.004166667,0.355277778,21.7264049,61.15328978,-120.7687206,61.40809516,56.08801785,-163.3308476,2894.422831,1468.049972,76.61883296,5009.720243,2540.927878,38.49850438,318.4038865,0.381535329
270,202115,mrPAT,1,N,3,7/9/2020 13:29,10/12/2020 23:59,97.94097222,56.80973800,-161.70911800,160,2,10/15/2020 12:04,FUA,10/15/2020 21:37,56.764,-161.6284,1753,40,103,9.556388889,10.15555556,1433.439812,141.1483403,75.17039803,1348.868431,56.76709848,-161.6070768,2071.196918,1117.337618,85.12010013,3584.8657,1933.908489,7.816899084,127.2973717,0.079812349
263,202116,mrPAT,1,N,3,7/9/2020 9:46,10/12/2020 23:59,95.99236111,56.84111000,-161.75103400,159,2,10/13/2020 9:35,FUA,10/13/2020 15:29,56.7329,-161.8473,2112,87,76,5.910555556,5.579444444,1651.647893,296.0237187,-21.5843537,1749.664635,56.74751021,-161.8578201,2568.444699,498.7169762,78.51881001,4445.5113,863.1885101,12.2722831,212.0417584,0.127846455
254,202117,mrPAT,1,N,3,7/9/2020 4:14,10/13/2020 0:00,96.475,56.88855100,-161.82902000,141,2,10/13/2020 15:38,FUA,10/13/2020 20:36,56.7503,-161.6365,2445,123,105,4.970555556,4.761111111,4354.812976,914.6631689,26.01364649,4546.384095,56.78704009,-161.6037621,2508.689615,293.1691079,104.6365944,4354.618715,508.8870606,17.75196173,129.3883268,0.184005823
228,202118,mrPAT,1,N,2,7/7/2020 9:32,10/13/2020 0:00,98.08819444,57.19053500,-163.82278000,142,2,10/13/2020 11:39,FUA,10/13/2020 18:13,56.6819,-164.0588,1542,150,84,6.581388889,6.537222222,4878.973938,746.3374767,14.68897567,4911.937177,56.72456744,-164.038455,1978.353555,553.0403751,83.13695436,3424.170701,957.2124475,53.43777214,194.2547472,0.544793106
206,202119,mrPAT,1,N,1,7/5/2020 13:27,10/12/2020 23:59,100.6527778,55.91820700,-162.83521200,143,2,10/14/2020 5:07,FUA,10/14/2020 19:50,55.8592,-163.4893,1631,328,105,14.73222222,15.40277778,8974.576558,582.6596142,1.277419371,8583.870917,55.93627684,-163.486238,2113.482411,611.0534353,93.60944251,3658.054208,1057.622519,40.60618206,273.1058588,0.40342833
233,202120,mrPAT,1,N,2,7/7/2020 11:14,10/12/2020 23:59,98.03125,57.22858900,-163.82374800,168,2,10/13/2020 11:59,FUA,10/14/2020 6:30,56.4535,-164.6267,894,52,90,18.52944444,18.2175,9710.873403,533.0519228,3.182028813,9877.155989,56.54206594,-164.6177875,1510.672259,554.8853256,83.76713455,2614.699316,960.4057218,90.2991406,212.6208876,0.921126076
227,202121,mrPAT,1,Y,1,7/6/2020 0:07,10/13/2020 23:59,100.7326389,55.91593000,-162.91886300,156,2,10/14/2020 17:42,FUA,10/14/2020 19:28,55.9873,-163.3676,1086,156,111,1.771666667,2.974166667,3435.076578,1154.97111,35.61352134,2046.223817,56.00223906,-163.3485014,1126.042159,252.7165284,108.7787841,1948.974469,437.406413,28.41278532,289.9192524,0.282061362
247,202122,mrPAT,1,Y,2,7/7/2020 18:49,10/14/2020 0:00,98.66944444,57.31165500,-163.73794300,151,2,10/14/2020 10:53,FUA,10/14/2020 21:57,56.8163,-163.987,1168,74,95,11.06833333,12.12638889,5589.709659,460.9541811,28.4648343,5101.994527,56.8566301,-163.947001,1418.261039,264.8438537,98.40562064,2461.837457,459.719686,52.14945568,194.1059472,0.528526901
242,202123,mrPAT,1,Y,2,7/7/2020 16:10,10/13/2020 23:59,98.96666667,57.31386300,-163.82437500,143,2,10/14/2020 15:22,FUA,10/15/2020 5:44,56.8142,-163.9991,1054,664,57,14.37111111,14.41472222,5764.785795,399.9234745,7.008780502,5747.344688,56.86542568,-163.9876017,1192.044048,759.0213551,70.34013002,2063.211752,1313.728114,50.82967877,191.2553152,0.513604029
205,202124,mrPAT,1,Y,1,7/5/2020 13:12,10/13/2020 23:59,100.9597222,55.91883000,-162.82991800,147,2,10/14/2020 12:14,FUA,10/14/2020 14:23,56.2227,-163.7036,940,69,95,2.157222222,2.453333333,1814.76613,739.7144552,-0.968714021,1595.728461,56.23702921,-163.7040351,1869.693552,514.8485337,90.69186334,3236.09997,891.1093064,64.76141283,303.4783908,0.641457914
264,202125,mrPAT,1,Y,3,7/9/2020 10:00,10/14/2020 0:00,96.99513889,56.84720100,-161.75318600,138,2,10/14/2020 9:53,FUA,10/14/2020 17:48,56.679,-161.5681,1102,157,84,7.9275,7.546388889,2270.271265,300.8420714,-41.01156019,2384.925521,56.69515851,-161.5936437,1281.722277,319.1434864,83.76976343,2218.428478,552.3794129,19.50204927,150.0337181,0.20106213
223,202126,mrPAT,1,Y,1,7/5/2020 21:53,10/13/2020 23:59,102.4701389,55.88237600,-162.91818000,155,2,10/16/2020 9:10,FUA,10/16/2020 14:44,56.3434,-164.0325,1151,146,58,5.577222222,5.607222222,3312.378072,590.7342247,169.936674,3294.656045,56.31426599,-164.0231974,2001.496542,573.786729,73.26610646,3464.227007,993.1206183,83.68392849,305.4776845,0.816666488
274,202127,mrPAT,1,Y,3,7/9/2020 14:50,10/13/2020 23:59,97.07777778,56.79356300,-161.68879400,151,2,10/14/2020 16:42,FUA,10/14/2020 21:31,56.65,-161.56,1557,34,101,4.819166667,4.774444444,4551.115989,953.2242006,18.39525006,4593.746293,56.68914335,-161.5363431,1926.725121,347.8523565,97.33392929,3334.811258,602.069253,14.87420199,141.2525708,0.153219432
268,202128,mrPAT,1,Y,3,7/9/2020 12:20,10/13/2020 23:59,96.99027778,56.82142400,-161.71378400,151,2,10/14/2020 12:06,FUA,10/14/2020 16:43,56.9042,-161.5735,1498,369,89,4.621111111,3.05,3848.809069,1261.904613,-80.88292821,5831.401428,56.91247381,-161.6683501,2400.709512,1381.939519,128.525245,4167.185334,2398.790052,10.49409696,15.23710914,0.108197411
232,202129,mrPAT,1,Y,2,7/7/2020 11:06,10/13/2020 23:59,99.31736111,57.22742300,-163.82664400,139,2,10/14/2020 18:43,FUA,10/14/2020 20:18,56.7442,-164.1272,1529,213,95,1.591666667,2.141944444,2200.614282,1027.390924,4.777901193,1635.263887,56.75883404,-164.1249731,1876.312265,659.4082398,104.8161731,3247.55576,1141.315903,55.14914468,199.2522762,0.555282018
210,202130,mrPAT,1,Y,1,7/5/2020 14:59,10/13/2020 23:59,100.9305556,55.88423500,-162.83311700,156,2,10/14/2020 13:19,FUA,10/14/2020 18:23,56.0393,-163.3606,1049,41,95,5.078333333,4.708611111,3150.874105,669.1727201,-18.96126901,3398.28213,56.06820189,-163.3783897,1579.567112,625.0297015,101.851607,2741.834808,1084.935346,39.61550465,301.3145609,0.392502592
279,202131,mrPAT,1,Y,3,7/9/2020 16:36,10/13/2020 23:59,96.86111111,56.79575700,-161.77360200,148,2,10/14/2020 13:16,FUA,10/14/2020 15:15,56.4426,-161.8965,1451,116,72,1.994722222,1.564444444,1522.755364,973.3521503,-100.0744755,1941.567164,56.43954597,-161.9274913,2513.456762,358.0728622,65.58246803,4350.337167,619.7590921,40.71248776,193.4356727,0.420318199
253,202132,mrPAT,1,Y,2,7/7/2020 22:41,10/13/2020 23:59,98.50694444,57.27140600,-163.75849300,150,2,10/14/2020 10:51,FUA,10/14/2020 14:21,56.7646,-164.9022,500,126,75,3.515,5.4525,494.4335316,90.68015251,-80.94584884,318.7407361,56.76505099,-164.907365,809.6108632,272.0320353,89.28097702,1405.333922,472.1970327,89.47621036,231.4881712,0.908323884
237,202133,mrPAT,1,Y,2,7/7/2020 12:52,10/14/2020 0:00,98.95138889,57.25470900,-163.81819100,136,2,10/14/2020 11:42,FUA,10/14/2020 14:21,56.8718,-163.7488,795,361,71,2.666388889,1.518333333,1382.298484,910.4051484,15.13937098,2427.494172,56.89287287,-163.7383615,3311.796603,1145.686877,89.15418298,5748.66312,1988.699393,40.52261067,173.1281339,0.409520383
215,202134,mrPAT,1,Y,1,7/5/2020 17:46,10/13/2020 23:59,100.7479167,55.83308900,-162.83734400,156,2,10/14/2020 11:43,FUA,10/14/2020 16:51,56.0132,-163.3977,511,43,77,5.137222222,3.070277778,1563.469089,509.2272433,-50.73816914,2616.01351,56.02808473,-163.4302985,1116.221884,1094.266032,124.5679417,1937.553645,1899.442368,42.82947882,300.6597271,0.42511528
203,202136,mrPAT,1,N,1,7/5/2020 12:35,10/13/2020 23:59,100.9291667,55.93300800,-162.83233400,151,2,10/14/2020 10:53,FUA,10/14/2020 18:08,56.2492,-163.561,1304,35,83,7.263611111,8.310277778,3426.754011,412.35132,-29.96968123,2995.159629,56.27253212,-163.5852339,1537.954637,530.4574235,88.62639031,2669.603288,920.7754559,60.0435725,309.2707168,0.594908038
246,202137,mrPAT,1,N,2,7/7/2020 18:34,10/13/2020 23:59,98.68888889,57.31219100,-163.74078800,149,2,10/14/2020 11:06,FUA,10/14/2020 14:22,56.8124,-164.1596,335,160,95,3.271944444,4.157777778,1761.003533,423.5444092,-11.84495768,1385.813777,56.82459746,-164.164275,973.8553835,573.9158364,92.1143971,1690.431871,996.2111802,59.95742501,205.4528179,0.607539772
209,202138,mrPAT,1,N,1,7/5/2020 14:48,10/13/2020 23:59,100.8145833,55.88647300,-162.83123500,143,2,10/14/2020 10:21,FUA,10/14/2020 16:43,56.0831,-163.1845,453,87,97,6.368611111,6.898611111,3437.302735,498.2601106,-74.9919452,3173.224877,56.09047025,-163.2337391,1101.681014,124.4159168,91.19444799,1906.809751,215.3413559,33.78284387,312.3455409,0.33509878
261,202139,mrPAT,1,N,3,7/9/2020 8:40,10/13/2020 23:59,97.21805556,56.85344000,-161.78495600,147,2,10/14/2020 13:54,FUA,10/14/2020 21:31,56.5727,-161.6308,827,49,102,7.616944444,7.823888889,5472.228355,699.4256223,-25.71617455,5327.486108,56.61579903,-161.6684511,1755.406821,837.3670032,122.3816847,3038.290395,1449.330202,27.36322311,164.8997114,0.281462358
272,202140,mrPAT,1,N,3,7/9/2020 14:09,10/14/2020 0:00,97.04166667,56.80517700,-161.70918400,161,2,10/14/2020 15:09,FUA,10/17/2020 18:13,56.8205,-161.4686,924,229,72,75.07,75.21805556,12247.79928,162.8305756,146.830513,12223.69131,56.72856726,-161.3593472,2095.928369,396.5233172,82.74056847,3627.671349,686.3098465,22.95796163,111.6341504,0.236578394
256,202141,mrPAT,1,N,3,7/9/2020 5:27,10/13/2020 23:59,97.2375,56.87605300,-161.80839800,157,2,10/14/2020 11:09,FUA,10/15/2020 19:28,56.4201,-161.7471,549,53,100,32.32861111,29.81666667,11023.03314,369.6936771,-2.966780185,11951.68312,56.5274396,-161.7571864,1614.392224,592.370876,139.1595208,2802.284727,1028.245698,38.88989716,175.36777,0.399947522
219,202142,mrPAT,1,N,1,7/5/2020 20:16,10/13/2020 23:59,100.6006944,55.84821900,-162.91894300,141,2,10/14/2020 10:41,FUA,10/14/2020 20:17,56.0118,-163.2152,609,110,97,9.611666667,10.45583333,5580.911,533.7605164,16.60481247,5130.328164,56.05601187,-163.1915874,1176.939271,228.0893561,99.16018657,2042.947739,395.9207121,28.67009193,323.8109828,0.284989006
226,202143,mrPAT,1,N,1,7/5/2020 23:59,10/13/2020 23:59,101.3944444,55.91564900,-162.91809500,151,2,10/15/2020 9:27,FUA,10/15/2020 13:52,56.2818,-162.6874,571,63,58,4.427777778,4.370555556,3688.751019,844.0004873,36.35861035,3737.046602,56.30882315,-162.6516058,901.2415651,245.4909183,68.8471181,1559.885468,424.9001941,46.73666655,20.59171744,0.460939125
230,202144,mrPAT,1,N,2,7/7/2020 10:28,10/13/2020 23:59,99.03055556,57.21193700,-163.82364600,162,2,10/14/2020 11:12,FUA,10/14/2020 18:23,56.7875,-163.1994,1982,28,98,7.188888889,4.857222222,3490.947638,718.7127701,-7.861886625,5166.746247,56.83352838,-163.2110179,3539.279771,966.7547154,91.98762164,6143.531602,1678.106431,56.08269363,138.3559015,0.566317066
277,202145,mrPAT,1,N,3,7/9/2020 16:20,10/13/2020 23:59,96.81388889,56.79248200,-161.74052900,137,2,10/14/2020 11:52,FUA,10/15/2020 5:40,56.6577,-161.5661,1695,124,72,17.80611111,16.45,7705.315326,468.4082265,-20.53547586,8340.528927,56.72793259,-161.6140606,1961.789489,1388.410889,95.53490074,3405.301784,2410.023148,10.53262432,132.9049561,0.108792493
252,202146,mrPAT,1,N,2,7/7/2020 22:25,10/13/2020 23:59,98.86944444,57.27200300,-163.74481200,144,2,10/14/2020 19:17,FUA,10/15/2020 2:38,56.6021,-164.3415,2210,1205,168,7.351944444,6.601388889,1375.79289,208.409611,5.609080471,1532.215882,56.6157941,-164.3390608,3120.397878,2265.505066,94.61343417,5400.842009,3921.177815,81.38270178,206.5367517,0.823132994
236,202147,mrPAT,1,N,2,7/7/2020 12:44,10/13/2020 23:59,99.08125,57.25525400,-163.82042100,157,2,10/14/2020 14:41,FUA,10/15/2020 9:05,56.6105,-164.2185,320,119,82,18.40416667,17.7675,8591.382284,483.5448028,14.86376509,8899.239142,56.68773899,-164.1812474,783.0948322,230.9740261,82.34370034,1355.394931,399.7740903,66.7864163,199.2650025,0.674057062
208,202492,MiniPAT,1,Y,1,7/5/2020 14:25,10/12/2020 20:00,99.37847222,55.89749400,-162.83201400,162,2,10/12/2020 23:30,REL,10/13/2020 2:55,56.0941,-163.03,459,116,84,3.427777778,1.425833333,383.8040488,269.1787601,-131.7879844,922.6849722,56.08856998,-163.0410897,5244.202633,567.1650333,101.4233784,9102.960683,984.4930413,24.90956319,328.6208096,0.250653513
269,202493,MiniPAT,1,Y,3,7/9/2020 12:36,10/12/2020 20:00,95.45416667,56.81872200,-161.70832800,136,2,10/12/2020 23:30,REL,10/13/2020 5:06,56.6476,-161.0641,505,43,106,5.605277778,2.221944445,2178.042944,980.2418548,-96.16932575,5494.527885,56.64225768,-161.1534444,1719.681027,472.0406232,86.99564014,2985.046512,819.3747524,39.12355997,119.8694602,0.409867493
225,202494,MiniPAT,1,Y,1,7/5/2020 23:11,10/12/2020 20:00,99.01319444,55.89806800,-162.91848500,146,2,10/12/2020 23:30,REL,10/13/2020 1:23,55.9781,-163.3357,2019,91,101,1.887777778,1.425833333,384.2339976,269.4803022,-131.7241842,508.7189261,55.97505897,-163.3417815,4816.741077,345.4455922,101.1935994,8336.904001,597.9035811,27.71863682,288.1653869,0.27994892
278,202495,MiniPAT,1,Y,3,7/9/2020 16:29,10/12/2020 20:00,95.31319444,56.79432300,-161.75765300,142,2,10/13/2020 0:00,REL,10/13/2020 4:28,56.6843,-161.4558,1936,233,67,4.475277778,1.721944444,347.4897507,201.8007909,-75.16969499,903.1145949,56.68637804,-161.4700954,8008.746759,1026.353755,66.50753358,13901.69526,1781.559283,21.25054695,124.2701014,0.222954934
262,202496,MiniPAT,1,Y,3,7/9/2020 8:51,10/12/2020 20:00,95.61041667,56.85281900,-161.77703000,153,2,10/12/2020 23:30,REL,10/13/2020 4:26,56.5055,-161.7586,1183,42,65,4.933611111,2.35,1041.315829,443.1131188,-128.2560728,2186.147806,56.49334059,-161.7864701,3685.995905,515.3009502,65.64631599,6379.78947,891.8923571,39.97633558,180.8305467,0.418116948
243,202497,MiniPAT,1,Y,2,7/7/2020 16:31,10/12/2020 20:00,97.35972222,57.31657100,-163.82391800,153,2,10/13/2020 1:09,TRANS,10/13/2020 4:40,56.8138,-164.1815,709,68,77,3.524166667,3.120833333,3122.152745,1000.422775,-54.78075354,3525.656598,56.83207668,-164.2288466,1349.272649,313.0978864,92.25590565,2342.08644,543.4797145,59.17157454,204.6017545,0.60776236
257,202502,MiniPAT,1,Y,3,7/9/2020 5:42,10/12/2020 20:00,95.85277778,56.87068300,-161.79989600,150,2,10/13/2020 2:10,DEPTH,10/13/2020 3:00,56.6228,-161.7455,420,79,69,0.835277778,0.472777778,66.69490285,141.0702998,-146.5143001,117.8328865,56.62191744,-161.746559,2269.675028,708.5604927,83.81277326,3928.395261,1226.389526,27.85198541,173.2722554,0.290570457
273,202503,MiniPAT,1,Y,3,7/9/2020 14:41,10/12/2020 20:00,119.3395833,56.79297400,-161.68859100,159,2,11/5/2020 22:50,DEPTH,11/6/2020 2:41,56.8463,-161.935,1512,310,108,3.866388889,2.007222222,1014.338094,505.3441931,-128.6609761,1953.857173,56.83533639,-161.9599946,4482.013268,1008.157355,107.3948418,7757.550955,1744.937283,17.17700235,286.0297775,0.143933822
220,202504,MiniPAT,1,Y,1,7/5/2020 21:02,10/12/2020 20:00,99.23472222,55.85782100,-162.92003000,149,2,10/13/2020 2:40,DEPTH,10/13/2020 4:29,56.1755,-162.8099,399,49,81,1.8225,2.190277778,602.1191024,274.9053607,-45.42583255,501.0150198,56.17865787,-162.8156467,628.0359357,148.4200037,85.21272884,1087.016142,256.8880707,36.26047996,10.26312162,0.365401133
212,202505,MiniPAT,1,Y,1,7/5/2020 16:08,10/12/2020 20:00,99.46666667,55.87093600,-162.82503100,143,2,10/13/2020 3:20,DEPTH,10/13/2020 4:27,55.9559,-163.4567,333,65,76,1.120277778,2.413888889,801.4784275,332.0278871,-43.81674431,371.9634635,55.95831048,-163.4608231,537.9850695,177.459437,93.80394246,931.1544478,307.1500557,40.79413509,284.0411555,0.410128704
231,202506,MiniPAT,1,Y,2,7/7/2020 10:42,10/12/2020 20:00,97.68611111,57.21371500,-163.81854200,153,2,10/13/2020 3:10,DEPTH,10/13/2020 4:25,56.834,-164.2077,1146,184,38,1.264722222,0.799722222,682.4479914,853.3562935,-11.86697868,1079.258668,56.84348469,-164.2113367,2987.492834,775.1644853,39.50693915,5170.807515,1341.668941,47.53701362,210.1665684,0.486630219
265,202507,MiniPAT,1,Y,3,7/9/2020 10:10,10/12/2020 20:00,95.65972222,56.84650900,-161.74992500,169,2,10/13/2020 2:00,DEPTH,10/14/2020 4:15,56.6146,-161.6274,1168,428,81,26.26416667,25.39444444,13602.03436,535.6303185,-38.28067387,14067.88396,56.71383124,-161.7702119,1271.740691,487.3747086,81.52647912,2207.505377,845.9918734,14.8047657,184.7968966,0.154764883
239,202508,MiniPAT,1,Y,2,7/7/2020 14:47,10/12/2020 20:00,97.52986111,57.27838100,-163.82360200,138,2,10/13/2020 3:30,DEPTH,10/13/2020 4:27,56.7516,-163.5889,561,110,80,0.952777778,0.781111111,547.1362954,700.4589842,-4.487542767,667.3817544,56.75757488,-163.5897537,1315.4076,349.4606883,83.29141428,2276.731654,604.8529833,59.61580255,166.1662908,0.61125692
248,202509,MiniPAT,1,Y,2,7/7/2020 19:51,10/12/2020 20:00,97.52013889,57.29646600,-163.73693800,167,2,10/13/2020 8:20,DEPTH,10/13/2020 11:39,56.6922,-163.9765,1180,510,80,3.325,3.158611111,1434.500795,454.1555591,-36.98708528,1510.067234,56.70303118,-163.9913315,2437.322219,1050.119128,80.02768427,4218.562101,1817.565491,67.7614769,193.2485999,0.694845984
204,202510,MiniPAT,1,Y,1,7/5/2020 13:02,10/12/2020 20:00,99.58888889,55.91819300,-162.83309200,139,2,10/13/2020 3:10,DEPTH,10/13/2020 4:28,56.0138,-163.365,441,63,81,1.3025,2.413888889,801.4784275,332.0278871,-43.81674431,432.466323,56.01660253,-163.369801,663.2872807,191.579883,93.918231,1148.029818,331.5899833,35.14712431,288.3620977,0.352922145
235,203093,MiniPAT,1,Y,2,7/7/2020 12:01,10/12/2020 20:00,97.51319444,57.24412700,-163.81984700,148,2,10/13/2020 0:20,DEPTH,10/13/2020 1:22,57.1771,-164.03,852,78,103,1.039444444,0.537777778,6.034007598,11.22026206,-89.99995798,11.66283907,57.1771,-164.0301928,3095.450828,537.7206463,100.2913467,5357.663196,930.6967794,14.69660359,239.6157364,0.150714
250,203094,MiniPAT,1,Y,2,7/7/2020 22:06,10/12/2020 20:00,98.35902778,57.27435600,-163.74372700,180,2,10/14/2020 6:43,TRANS,10/14/2020 19:27,57.1407,-163.8182,1092,24,100,12.72694444,13.30722222,6271.741814,471.3036056,27.36598998,5998.254805,57.18859837,-163.7724397,1160.078784,167.9701035,98.0452464,2013.681068,291.564868,9.691122583,190.2835103,0.098528044
216,203095,MiniPAT,1,Y,1,7/5/2020 17:57,10/12/2020 20:00,99.27291667,55.83387000,-162.83745400,159,2,10/13/2020 0:30,REL,10/13/2020 1:22,56.1981,-163.4659,489,78,101,0.871944444,1.598333333,1137.736699,711.8269234,-78.16391626,620.6735312,56.19924452,-163.4757204,839.49488,147.6318125,98.6225119,1457.207019,256.2613764,56.78271555,315.947656,0.57198597
