Date_Capture,Disk,TagNu,Tag,PotorTrawl,Capture_Station,Length_mm,Weight_g,SC,Sex,Clutch,Injuries,Release_Lat,Release_Lon,Vessel,model,deploy.t,rel.t,deploy.days,t0,t0.type,t1,lat1,lon1,s.maj1,s.min1,angle1,driftT0,driftT,driftD,driftR,inv.driftB,driftD0,lat0,lon0,s.maj0,s.min0,angle0,Method,Reasoning
6/27/2024,1976,22U3947,244124,T,L-18,173.1,5055,2,1,,none,58.80666667,-168.5333333,AlaskaKnight,mrPAT,6/27/2024 17:12,10/14/2024,108.5,10/14/2024 5:56,FUA,10/14/2024 16:26,58.3426,-169.0509,811,277,105,10.50638889,14.91555556,8990.838166,602.7826542,26.64083149,6333.06898,58.3934124,-169.0023435,2482.053947,878.3634528,102.6891287,target,"no solutions with default, changed HQ2B = 1.5 (similar result to proxy tag 142 km away)"
6/5/2024,1048,22U2760,244125,T,I-12,155.08,2995,3,1,,,58.015,-160.7816667,AlaskaKnight,mrPAT,6/6/2024 1:06,10/14/2024,130.2,10/14/2024 6:06,FUA,10/14/2024 6:23,56.8422,-163.5992,478,60,99,0.296111111,,,,,,56.8422,-163.5992,478,60,99,lat1/long1,no target or proxy and very short drift time
6/23/2024,1977,23U0040,244132,T,K-02,163.68,3330,3,1,,none,58.045,-167.145,AlaskaKnight,mrPAT,6/23/2024 23:03,10/12/2024 23:59,111.3,10/13/2024 6:00,FUA,10/13/2024 6:38,57.973,-167.0622,1979,483,80,0.638055556,,,,,,57.973,-167.0622,1979,483,80,lat1/long2,no target or proxy and short drift time
6/21/2024,1978,22U3858,244176,T,L-04,152.31,2985,3,1,,none,58.91,-165.9016667,AlaskaKnight,mrPAT,6/21/2024 19:55,10/12/2024 23:59,113.4,10/13/2024 5:19,FUA,10/13/2024 23:29,58.0144,-167.2061,1072,189,91,18.16944444,20.35111111,24924.95992,1224.746884,7.06610035,22252.97046,58.21266793,-167.1595307,3546.315054,644.6191504,90.94794114,target,not solutions with default changed HQ2B to 1.5
6/6/2024,1105,22U3865,244179,T,G-11,129,1873,2,1,,,56.952604,-161.598635,NWExplorer,mrPAT,6/7/2024 1:49,10/12/2024 23:59,128.2,10/13/2024 5:28,TRANS,10/14/2024 4:45,56.0666,-162.7511,349,49,78,23.27333333,24.545,10086.72019,410.9480625,-49.62719971,9564.13124,56.12218529,-162.8682526,1967.308178,714.5220661,101.8724829,proxy1,"no solutions with default, distance changed to 93km (similar results to other proxy tags even further away)"
6/6/2024,1007,24U0966,263790,T,K-12,141.41,2125,3,1,,none,58.25833333,-161.225,AlaskaKnight,mrPAT,6/6/2024 23:11,10/13/2024,128.3,10/13/2024 6:17,FUA,10/13/2024 20:12,56.4951,-162.5282,1821,267,75,13.92333333,13.74916667,13546.39929,985.2523881,-8.020765046,13717.99742,56.61708596,-162.5593768,3648.859259,1083.210187,74.50559255,proxy 1,"4 proxy tags and target, proxy tags 1-3 all had same direction, although 2 &3 were not as far"
6/9/2024,1982,24U0968,263791,T,G-09,170.21,4205,2,1,,none,57.22666667,-162.795,AlaskaKnight,mrPAT,6/9/2024 17:00,NA,125.6,10/13/2024 6:22,FUA,10/13/2024 20:29,56.5248,-163.648,603,36,99,14.12805556,13.25333333,8646.473254,652.3998934,28.91958717,9217.141939,56.5972316,-163.5754386,1994.399651,724.1739669,92.76880501,proxy 2,"no solutions with defaults, used proxy 2 with distance ~100km (proxy 1 differed from several other proxy tags of similar distance)"
6/3/2024,1012,24U0980,263792,T,H-14,161.43,3560,3,1,,none,57.02333333,-159.7066667,AlaskaKnight,mrPAT,6/3/2024 23:27,10/12/2024 23:59,131.3,10/13/2024 5:57,FUA,10/13/2024 6:37,56.9615,-161.3928,1356,176,84,0.679722222,1.218888889,1816.522555,1490.310209,-155.0405465,1012.996967,56.9532527,-161.399825,2379.26521,378.7364665,84.04386651,proxy 1,"<1 hr drift many proxy tags, all overlapped lat1/lon1, proxy 1 only 6 km away"
6/3/2024,1182,24U0981,263793,T,H-14B,142.4,2565,2,1,,,57.228671,-159.681956,NWExplorer,mrPAT,NA,NA,NA,10/13/2024 6:02,FUA,10/13/2024 6:36,56.7779,-162.2739,864,138,67,0.581666667,,,,,,56.7779,-162.2739,864,138,67,lat1/lon1,"proxy tags all around lat1/lon 1 and time window starts after end t1, short drift, so use lat1/lon1"
6/13/2024,1984,24U0984,263796,T,J-08,158.48,3735,3,1,,none,58.00833333,-163.7216667,AlaskaKnight,mrPAT,6/13/2024 16:59,10/12/2024 23:59,121.6,10/13/2024 6:12,FUA,10/13/2024 8:01,56.8526,-163.9255,2070,105,82,1.817222222,1.32,,,,,56.8526,-163.9255,2070,105,82,lat1/lon1,"no good solutions, fairly short 1.8 hr drift"
6/7/2024,1069,24U0985,263797,T,F-11,147.2,2274,2,1,,,56.365855,-161.612345,NWExplorer,mrPAT,6/7/2024 20:03,10/14/2024,128.4,10/14/2024 6:24,FUA,10/15/2024 2:08,56.1807,-162.5004,815,373,94,19.74833333,19.36916667,17995.27953,929.0683405,-16.24399191,18347.55128,56.33887296,-162.5833859,2331.23017,839.026384,83.0745203,proxy 1 ,"target and 3 proxy tags, all with similar direction although somewhat varible distance"
6/21/2024,1088,24U1181,263798,T,L-05,152.87,3310,2,1,,none,58.66781667,-164.87535,NWExplorer,mrPAT,6/21/2024 22:38,10/12/2024 23:59,113.3,10/13/2024 6:06,FUA,10/13/2024 20:11,57.7929,-166.176,1028,458,77,14.085,8.540277778,5216.693532,610.8341752,14.85410254,8603.599357,57.8675622,-166.1388379,4980.240448,2134.198247,78.80574447,target,only target tag
6/4/2024,1018,24U1220,263799,T,F-12,148.01,2555,2,1,,none,56.765,-161.0316667,AlaskaKnight,mrPAT,6/5/2024 1:03,10/12/2024 23:59,130.2,10/13/2024 6:28,FUA,10/13/2024 20:11,56.0896,-163.1094,262,169,101,13.72166667,8.538055556,13149.71279,1540.129683,-65.5643962,21133.14613,56.16772698,-163.4191156,2052.871447,774.9477701,94.00104289,target,only target tag
6/7/2024,1149,24U1221,263800,T,F-11,121.4,1595,2,1,,,56.365855,-161.612345,NWExplorer,mrPAT,6/7/2024 20:17,10/13/2024,127.4,10/13/2024 6:16,FUA,10/13/2024 15:02,56.5281,-162.6246,971,466,73,8.775833333,8.240277778,7251.197743,879.9700615,-36.61882243,7722.470598,56.58374079,-162.6995623,2061.127014,1328.95105,60.38948515,proxy 1,"3 proxy tags, were not very consistant, so used the one with shortest distance "
6/3/2024,1188,24U1400,263802,T,G-14,136.2,2074,3,1,,,56.965472,-159.704623,NWExplorer,mrPAT,6/4/2024 1:00,NA,131.2,10/13/2024 5:57,FUA,10/13/2024 20:09,56.4857,-162.0008,793,97,97,14.20527778,13.74916667,13546.39929,985.2523881,-8.020765046,13995.78385,56.61015623,-162.0326023,2283.429047,1102.512297,82.76796698,proxy 1,"4 proxy tags, 3 generally similar direction"
6/5/2024,1009,24U1402,263804,T,J-12,142.3,2450,3,1,,none,58.01166667,-160.73,AlaskaKnight,mrPAT,6/6/2024 3:00,NA,129.1,10/13/2024 6:19,FUA,10/14/2024 6:25,56.6038,-163.0774,458,50,113,24.10472222,23.80805556,23378.94713,981.9763345,-21.55786762,23670.26677,56.80141594,-163.2197576,1684.593999,600.7783398,75.13785828,proxy 1,only 1 proxy tag
6/4/2024,1022,24U1403,263805,T,F-12,145.61,2830,2,1,,none,56.765,-161.0316667,AlaskaKnight,mrPAT,6/5/2024 0:56,10/12/2024 23:59,130.2,10/13/2024 5:57,FUA,10/13/2024 6:19,56.5919,-161.76,1872,141,68,0.377777778,,,,,,56.5919,-161.76,1872,141,68,lat1/lon1,"very short drift, many proxy tags and all on to lat1/lon1"
6/3/2024,1021,24U1407,263807,T,H-14,131.64,1680,2,1,,none,57.02333333,-159.7066667,AlaskaKnight,mrPAT,6/3/2024 23:21,10/12/2024 23:59,131.3,10/13/2024 5:47,FUA,10/13/2024 15:01,56.7454,-161.8013,328,111,129,9.240555556,8.253055556,575.205179,69.69602654,-57.23777309,644.0300052,56.74852948,-161.810152,1154.166646,578.0082899,94.30926391,proxy 1,"3 poxy tags, gave very different results (proxy 1 essentially no drift, other 2 in opposite directions), but proxy 1 much closer so used that"
6/5/2024,1044,24U1411,263810,T,H-12,154.79,3420,3,1,,none,57.78,-160.8066667,AlaskaKnight,mrPAT,6/5/2024 22:57,10/13/2024 23:59,130.3,10/14/2024 6:06,FUA,10/15/2024 11:39,56.2456,-162.0967,1727,1023,171,29.55333333,29.24361111,24101.14671,824.1508416,-15.51812459,24356.40454,56.45632198,-162.2023899,3540.885872,2799.141103,139.3844699,proxy 1,only 1 proxy tag
6/4/2024,1126,24U1412,263811,T,G-13,122.77,1327,2,1,,,56.940357,-160.231589,NWExplorer,mrPAT,6/5/2024 0:14,10/13/2024 23:59,131.2,10/14/2024 6:09,FUA,10/14/2024 16:25,56.9245,-161.7121,1882,47,98,10.27611111,9.758611111,5767.515913,591.0181118,-5.1731648,6073.367786,56.97881616,-161.7211058,3961.609587,836.2268619,99.30246036,proxy 1,"many proxy tags all, but one (proxy 4) gave very similar result"
6/3/2024,1180,24U1413,263812,T,H-14B,148.8,2701,3,1,,,57.228671,-159.681956,NWExplorer,mrPAT,6/3/2024 21:48,10/13/2024 23:59,132.4,10/14/2024 6:32,FUA,10/14/2024 14:29,57.0538,-161.3197,485,174,142,7.964722222,8.225,4277.576947,520.0701455,13.92524961,4142.214245,57.08990196,-161.3032573,3544.110131,872.0634265,87.55228442,proxy 1,"many proxy tags, generally same direction although elipses not overlapping much"
6/6/2024,1006,24U1416,263815,T,J-13,138.05,2215,2,1,,none,58.26333333,-159.9683333,AlaskaKnight,mrPAT,6/6/2024 17:00,10/14/2024,129.5,10/14/2024 5:47,FUA,10/14/2024 6:20,57.0708,-161.423,290,60,95,0.556666667,0.856388889,391.9430399,457.6694595,-6.255811013,254.7693325,57.07307415,-161.4234577,1790.904236,587.1002706,75.60859545,proxy 2,many proxy tags with short 40 min drift. Proxy 1 had t2 before t1 and pretty fast drift rate
6/21/2024,1089,24U1417,263816,T,L-05,127.76,1729,2,1,,none,58.66781667,-164.87535,NWExplorer,mrPAT,6/21/2024 22:50,10/13/2024 23:59,114.3,10/14/2024 6:04,FUA,10/15/2024 2:10,57.7266,-165.9452,802,141,92,20.10583333,11.83416667,6353.555653,536.8823874,20.97600069,10794.4678,57.81708165,-165.880184,3914.475704,713.0176601,92.16392037,target,only 1 target tag
6/7/2024,1029,24U1420,263819,T,I-11,146.01,2400,2,1,,none,57.54,-161.7416667,AlaskaKnight,mrPAT,6/8/2024 2:53,10/14/2024,128.1,10/14/2024 6:02,FUA,10/14/2024 7:40,57.3567,-161.373,1149,32,81,1.648611111,1.996388889,502.2577459,251.5831203,155.2847134,414.7627274,57.35331681,-161.3701191,2130.351757,511.1812937,84.75533693,proxy 1,"target and many proxy tags available, all showed minimal drift, except proxy 3"
6/13/2024,1985,24U1421,263820,T,J-07,143.8,2195,2,1,,none,57.785,-163.9833333,AlaskaKnight,mrPAT,6/13/2024 20:00,NA,122.5,10/14/2024 7:05,FUA,10/15/2024 9:01,57.0106,-164.5294,2171,679,93,25.93666667,25.71305556,23402.96924,910.1590122,-9.240449028,23606.49091,57.21981341,-164.5921456,8347.591274,1411.640018,83.36601749,proxy 1,Changed X.dist to 74km AND MAX.S.MAJ = 4300
6/5/2024,1152,24U1422,263821,T,I-13,137.7,2298,2,1,,,57.656574,-160.327334,NWExplorer,mrPAT,6/6/2024 1:00,NA,130.2,10/14/2024 4:54,TRANS,10/14/2024 6:26,57.0878,-161.5787,2729,284,99,1.531666667,2.698055556,1977.154123,732.8070464,-59.96574446,1122.416126,57.09284371,-161.5947292,4956.508472,858.9643507,97.9610824,proxy1,changed  HQ1.MAX.S.MAJ from 2250 to 2800 to get a first location that was ~24hrs sooner than would otherwise have been. After this change dirft was short 1.5 hrs and used proxy 1 (many proxy tags all similar)
6/5/2024,1157,24U1426,263823,T,I-13,115.4,1288,2,1,,,57.656574,-160.327334,NWExplorer,mrPAT,6/6/2024 1:00,NA,130.2,10/14/2024 6:20,FUA,10/15/2024 15:46,56.7518,-161.1618,2181,296,91,33.4475,34.00416667,26143.33436,768.8273797,-16.02717083,25715.35378,56.97369601,-161.2785444,3999.81411,1437.553904,93.33874058,proxy1,"many proxy tags, all similar"
6/11/2024,1983,24U1430,263826,T,K-09,126.6,1755,2,1,,none,58.535,-162.6816667,AlaskaKnight,mrPAT,6/11/2024 16:58,10/13/2024 23:59,124.6,10/14/2024 6:59,FUA,10/14/2024 16:26,57.2072,-164.4982,1473,82,88,9.451944444,11.80277778,10727.71325,908.9142784,-7.246384736,8591.007264,57.28372587,-164.5161681,4797.234776,435.5914328,87.43490972,target,no solutions with default changed HQ2B to 1.5
6/5/2024,1096,23P2667,264206,T,H-13,137,2440,3,1,,,57.512102,-160.289474,NWExplorer,MiniPAT,6/5/2024 22:26,10/12/2024 20:00,129.1,10/13/2024 2:00,REL,10/13/2024 8:01,56.3082,-163.1987,1506,162,86,6.032222222,6.366666667,5615.698017,882.046809,-78.08867512,5320.702362,56.31803407,-163.2828336,2731.91939,572.8938888,84.78665828,proxy 1,"no target or proxy with default, changed to distance of 98 km. Finding t0, Depth method was way off, found t0 way after first locaton, so used REL method to find t0"
6/7/2024,1144,23P2707,264207,T,F-11,146.5,2813,2,1,,,56.365855,-161.612345,NWExplorer,MiniPAT,6/7/2024 20:12,10/12/2024 20:00,127.2,10/13/2024 1:00,REL,10/14/2024 6:23,56.0812,-162.5606,932,176,72,29.3975,28.92777778,15515.76107,536.3620113,-67.90386157,15767.70223,56.134246,-162.7955713,2513.799998,384.4306123,74.62839063,proxy 1,"1 target location using default, adjusted distance to 85 km and gave 1 proxy tag as well. Since drift was long (29 hrs) determined that it was better to use proxy tag even though distance somewhat long, versus target tag."
6/2/2024,1020,23P2710,264208,T,I-15,125.03,1680,2,1,,none,57.905,-157.795,AlaskaKnight,MiniPAT,6/2/2024 20:16,10/12/2024 20:00,132.2,10/13/2024 1:00,REL,10/13/2024 4:43,56.8691,-161.1305,1460,96,105,3.726666667,3.130277778,5998.960805,1916.430819,-93.14390547,7141.898852,56.86552787,-161.247421,2744.990486,761.0012169,98.97539262,proxy 1,"target & 1 proxy available, used proxy"
6/3/2024,1184,23P2714,264209,T,G-14,147.1,3020,2,1,,,56.965472,-159.704623,NWExplorer,MiniPAT,6/4/2024 1:21,10/12/2024 20:00,131.1,10/13/2024 2:50,DEPTH,10/13/2024 3:26,56.9397,-161.3543,563,204,87,0.616111111,1.645555556,3989.776339,2424.577114,-89.01549745,1493.808899,56.93992808,-161.3788373,1063.193706,361.6381812,86.07678443,proxy 1,only 1 proxy tag
6/4/2024,1187,23P2717,264211,T,F-14,137.5,1990,2,1,,Regen R chela,56.674255,-159.912296,NWExplorer,MiniPAT,6/4/2024 16:48,10/12/2024 20:00,130.3,10/13/2024 1:00,REL,10/15/2024 20:04,56.7425,-160.8531,649,44,102,67.06805556,65.62222222,38013.26387,579.2742547,-44.36840631,38850.7979,56.99110593,-161.3000281,1424.807841,418.2926634,96.24395086,proxy 1,"targe and 1 proxy tag available, used proxy given extremely long 3 day drift. When determining t0 depth method gave obviously wrong results (2 days early), thus used REL method for determining t0"
6/7/2024,1004,23P2718,264212,T,J-11,142.64,2350,2,1,,none,57.77666667,-161.48,AlaskaKnight,MiniPAT,6/7/2024 23:26,10/12/2024 20:00,127.1,10/13/2024 1:00,REL,10/13/2024 3:25,56.5303,-162.1504,431,309,17,2.425,1.645555556,3989.776339,2424.577114,-89.01549745,5879.5995,56.53117053,-162.2459358,1777.534102,760.8768753,79.44398294,proxy 1,"target & 1 proxy available, used proxy"
6/4/2024,1019,23P2719,264213,T,F-12,149.49,2685,3,1,,none,56.765,-161.0316667,AlaskaKnight,MiniPAT,6/5/2024 0:53,10/12/2024 20:00,130,10/13/2024 1:00,REL,10/13/2024 8:00,56.6438,-161.5667,2115,71,92,7,6.366666667,5615.698017,882.046809,-78.08867512,6174.327663,56.65520537,-161.6652012,3775.3794,631.7542668,90.93783397,proxy 1,only 1 proxy tag
6/3/2024,1014,23P2720,264214,T,G-14B,126.39,1790,2,1,,none,56.99333333,-159.7433333,AlaskaKnight,MiniPAT,6/4/2024 1:52,10/12/2024 20:00,131,10/13/2024 1:00,REL,10/13/2024 4:59,56.8669,-161.9924,2243,234,95,3.995277778,3.130277778,5998.960805,1916.430819,-93.14390547,7656.673464,56.86306618,-162.1177402,4074.908889,765.2622966,92.50474537,proxy 1,"target & 2 proxy tags, proxy tags gave similar results"
